Entreprise,company_id,source,Nombre d'offres postés les 10 derniers jours,Contacté,Téléphone,Email,Notes
iscod,2,Cadre Emploi,157,Non,,,ff
armée de l'air et de l'espace,1,Cadre Emploi,121,Non,,,
armée de terre française,5,Cadre Emploi,27,Oui,,,
galeries lafayette,17,Indeed,19,Oui,,,
groupe kering,33,Indeed,11,Oui,,,
fiducial,32,Cadre Emploi,11,Non,,,
gmf,31,Cadre Emploi,11,Non,,,
dalkia,22,Cadre Emploi,11,Non,,,
chanel,24,Indeed,8,Non,,,
louis vuitton,34,Indeed,8,Non,,,
printemps,39,Indeed,8,Non,,,
noz,52,Cadre Emploi,7,Non,,,
hsbc,64,Indeed,6,Non,,,
groupe sos,55,Indeed,6,Non,,,
société générale,57,Indeed,6,Non,,,
la sécu recrute,62,Indeed,6,Non,,,
marianne international,49,Hello Work,6,Non,,,
aventa subsea and offshore specialists,56,Indeed,6,Non,,,
gan assurances,66,Cadre Emploi,6,Non,,,
paris,67,Indeed,6,Non,,,
maaf,87,Cadre Emploi,5,Non,,,
bastide groupe,27,Cadre Emploi,5,Non,,,
groupe m6,38,Cadre Emploi,5,Non,,,
le bonbon,74,Indeed,5,Non,,,
mômji,83,Indeed,5,Non,,,
voisins solidaires,93,Indeed,5,Non,,,
nestenn immobilier,106,Cadre Emploi,4,Non,,,
ami paris,116,Indeed,4,Non,,,
studency,130,Indeed,4,Non,,,
ramsay generale de sante,91,Cadre Emploi,4,Non,,,
e.leclerc,59,Indeed,4,Non,,,
lululemon,134,Indeed,4,Non,,,
cnrs,128,Indeed,4,Non,,,
mairie de clichy,112,Indeed,4,Non,,,
sodexo,82,Indeed,4,Non,,,
volvo group,35,Cadre Emploi,4,Non,,,
hermes sellier,110,Indeed,4,Non,,,
mairie de drancy,145,Indeed,3,Non,,,
ird,199,Indeed,3,Non,,,
conseil departemental du val d'oise,163,Cadre Emploi,3,Non,,,
croix-rouge française,197,Indeed,3,Non,,,
ifcv,71,Hello Work,3,Non,,,
hermes international,90,Indeed,3,Non,,,
capgemini engineering,166,Indeed,3,Non,,,
capgemini,111,Indeed,3,Non,,,
dekra,206,Indeed,3,Non,,,
reel,202,Cadre Emploi,3,Non,,,
inserm,174,Indeed,3,Non,,,
société de vénerie,159,Indeed,3,Non,,,
disneyland paris,192,Indeed,3,Non,,,
audi,190,Indeed,3,Non,,,
mgen,181,Indeed,3,Non,,,
international tourism,182,Indeed,3,Non,,,
guinot mary cohr,172,Indeed,3,Non,,,
fromageries bel,114,Cadre Emploi,3,Non,,,
hutchinson,154,Cadre Emploi,3,Non,,,
groupe roullier - cfpr,107,Cadre Emploi,3,Non,,,
action logement,103,Indeed,3,Non,,,
acd groupe,97,Cadre Emploi,3,Non,,,
ey,147,Indeed,3,Non,,,
groupe adp,133,Indeed,3,Non,,,
air transat,150,Indeed,3,Non,,,
ortec engineering,29,Cadre Emploi,3,Non,,,
armand thiery,203,Cadre Emploi,3,Non,,,
grant thornton france,51,Cadre Emploi,3,Non,,,
veolia,155,Indeed,3,Non,,,
leasecom,132,Cadre Emploi,3,Non,,,
tarian france,98,Indeed,3,Non,,,
engie,47,Cadre Emploi,3,Non,,,
france terre d'asile,188,Indeed,3,Non,,,
la banque postale,144,Indeed,3,Non,,,
enssib,164,Indeed,3,Non,,,
epicene,161,Cadre Emploi,3,Non,,,
fhb,299,Indeed,2,Non,,,
globe groupe,252,Hello Work,2,Non,,,
rexel,227,Indeed,2,Non,,,
danew electronics,377,Indeed,2,Non,,,
daven partners,375,Indeed,2,Non,,,
fms,242,Indeed,2,Non,,,
hexagon,138,Cadre Emploi,2,Non,,,
coallia,400,Indeed,2,Non,,,
france télévisions,247,Indeed,2,Non,,,
sandro siège,385,Indeed,2,Non,,,
saint gobain,383,Indeed,2,Non,,,
safran,205,Indeed,2,Non,,,
horisis.com,285,Indeed,2,Non,,,
rush school,372,Indeed,2,Non,,,
cosmoparis,381,Indeed,2,Non,,,
nw,256,Indeed,2,Non,,,
courir,384,Indeed,2,Non,,,
credit agricole titres,386,Indeed,2,Non,,,
credit industriel et commercial,387,Indeed,2,Non,,,
historial de montmartre,289,Indeed,2,Non,,,
declic net,390,Indeed,2,Non,,,
flg caducial,241,Indeed,2,Non,,,
hedon technologies,79,Cadre Emploi,2,Non,,,
reder,219,Indeed,2,Non,,,
groupe crédit agricole,265,Indeed,2,Non,,,
groupe elsan,266,Indeed,2,Non,,,
défenseur des droits,214,Indeed,2,Non,,,
phone régie,287,LinkedIn,2,Non,,,
eat salad,229,Indeed,2,Non,,,
qualisocial,233,Indeed,2,Non,,,
eco smart france,228,Indeed,2,Non,,,
positive planet,288,Indeed,2,Non,,,
publicis groupe,276,Indeed,2,Non,,,
eiffage,222,Indeed,2,Non,,,
groupe philéo,267,Indeed,2,Non,,,
prosodia,279,Indeed,2,Non,,,
multimat comptage,221,Indeed,2,Non,,,
elis,28,Cadre Emploi,2,Non,,,
elsan,218,Indeed,2,Non,,,
groupe balguerie,262,Indeed,2,Non,,,
paris habitat,248,Indeed,2,Non,,,
deloitte,397,Indeed,2,Non,,,
extradiag,292,Indeed,2,Non,,,
oudinex,257,Indeed,2,Non,,,
expertise france,301,Indeed,2,Non,,,
domavia,165,Indeed,2,Non,,,
grass roots sales and marketing,254,Indeed,2,Non,,,
ovhcloud,240,Indeed,2,Non,,,
ratp dev - france suisse,223,Indeed,2,Non,,,
evolis,286,Indeed,2,Non,,,
microids,211,Indeed,2,Non,,,
elysis consulting,232,Cadre Emploi,2,Non,,,
atlante france sas,350,Indeed,2,Non,,,
jss,393,Indeed,2,Non,,,
keyence france,316,Indeed,2,Non,,,
keolis sa,368,Cadre Emploi,2,Non,,,
théma services,339,Indeed,2,Non,,,
aptitude experts,238,Indeed,2,Non,,,
les établissements la maro,346,Indeed,2,Non,,,
union financiere de france banque,330,Cadre Emploi,2,Non,,,
teract,349,Indeed,2,Non,,,
club med,395,Indeed,2,Non,,,
b. braun medical s.a.s,359,Indeed,2,Non,,,
banque delubac et compagnie,99,Cadre Emploi,2,Non,,,
longevity partners,362,Indeed,2,Non,,,
sushishop,363,Indeed,2,Non,,,
ionis group,382,Cadre Emploi,2,Non,,,
uniformation,158,Indeed,2,Non,,,
universcience,378,Indeed,2,Non,,,
star's music,305,Indeed,2,Non,,,
virtuo,244,Indeed,2,Non,,,
you have sixty minutes,347,Indeed,2,Non,,,
largillière finance,360,Indeed,2,Non,,,
le bon marché,101,Indeed,2,Non,,,
wonderbox nl b.v.,364,Indeed,2,Non,,,
abylsen,109,Cadre Emploi,2,Non,,,
withings,367,Indeed,2,Non,,,
web et vous,318,Indeed,2,Non,,,
action logement services,284,Indeed,2,Non,,,
vs consulting,298,Indeed,2,Non,,,
vp&white,270,Indeed,2,Non,,,
learnation.group,183,Indeed,2,Non,,,
ag2r la mondiale,95,Cadre Emploi,2,Non,,,
ville de paris,297,Indeed,2,Non,,,
leaseo,343,Indeed,2,Non,,,
agence france prestige,96,Hello Work,2,Non,,,
van cleef & arpels,275,Indeed,2,Non,,,
valeo,274,Hello Work,2,Non,,,
uth - ut hospitality,239,Indeed,2,Non,,,
konica minolta,311,Indeed,2,Non,,,
akto,212,Indeed,2,Non,,,
all virtual,230,Indeed,2,Non,,,
steerfox,334,Indeed,2,Non,,,
marine nationale,398,Indeed,2,Non,,,
bhv marais - groupe galeries lafayette,337,Indeed,2,Non,,,
indiana café,235,Indeed,2,Non,,,
inrae,215,Indeed,2,Non,,,
maison de luxe - commerce de détail,314,Indeed,2,Non,,,
scp lpf et associes,388,Indeed,2,Non,,,
chronopost,336,Indeed,2,Non,,,
selarl evidence,391,Indeed,2,Non,,,
chambre des notaires de paris,332,Indeed,2,Non,,,
select service partner,394,Indeed,2,Non,,,
maison reynaud,320,Indeed,2,Non,,,
sncf,315,Indeed,2,Non,,,
cartier,319,Indeed,2,Non,,,
cgi,129,Cadre Emploi,2,Non,,,
silvera,331,Indeed,2,Non,,,
lyreco france sa,139,Cadre Emploi,2,Non,,,
sephora,396,Indeed,2,Non,,,
"centre de gerontologie "" les abondances""",325,Indeed,2,Non,,,
mandarin oriental hotel group,329,Indeed,2,Non,,,
smac,317,Indeed,2,Non,,,
igefi paris,237,Hello Work,2,Non,,,
bouygues construction,169,Cadre Emploi,2,Non,,,
instan ardh,209,Indeed,2,Non,,,
hype,273,Indeed,2,Non,,,
sopra steria,142,Cadre Emploi,2,Non,,,
ibs global services,234,Indeed,2,Non,,,
hôtel du collectionneur arc de triomphe,207,Indeed,2,Non,,,
bpce achats,308,Indeed,2,Non,,,
institut f2i,195,Hello Work,2,Non,,,
institut catholique de paris,210,Indeed,2,Non,,,
map clim,474,Indeed,1,Non,,,
nopillo,401,Indeed,1,Non,,,
mbda france,441,Indeed,1,Non,,,
lefebvre sarrut,341,Indeed,1,Non,,,
maslow group,452,Indeed,1,Non,,,
lefèvre pelletier & associés,996,Indeed,1,Non,,,
mango,463,Indeed,1,Non,,,
mangeons frais,462,Indeed,1,Non,,,
lcmh groupe,988,Indeed,1,Non,,,
lefebvre dalloz,995,Indeed,1,Non,,,
nouveau3f,412,Indeed,1,Non,,,
nomade aventure,440,Indeed,1,Non,,,
mcdonald's france,485,Indeed,1,Non,,,
nmp service,467,Indeed,1,Non,,,
le cercle intérimaire,990,Hello Work,1,Non,,,
le grand & associates,992,Hello Work,1,Non,,,
marquetis for la banque postale consumer finance,455,Indeed,1,Non,,,
marquetis call,461,Indeed,1,Non,,,
leonid group,748,Indeed,1,Non,,,
nightshift group,469,Indeed,1,Non,,,
media.figaro,484,Indeed,1,Non,,,
mediatransports,483,Indeed,1,Non,,,
nouveaucuisinella,414,Indeed,1,Non,,,
meilleurtaux,478,Indeed,1,Non,,,
le recruteur immobilier,994,Hello Work,1,Non,,,
naturalia,448,Indeed,1,Non,,,
mnt,415,Indeed,1,Non,,,
museum national d’histoire naturelle,486,Indeed,1,Non,,,
maison delano paris,445,Indeed,1,Non,,,
mondial pare-brise,413,Indeed,1,Non,,,
mmi deco,434,Indeed,1,Non,,,
neosolva,489,Cadre Emploi,1,Non,,,
mezi line,431,Indeed,1,Non,,,
mma,231,Cadre Emploi,1,Non,,,
logis hotels,472,Indeed,1,Non,,,
lorene agency,479,Indeed,1,Non,,,
mirari wealth management,421,Indeed,1,Non,,,
léonard avocats,488,Indeed,1,Non,,,
musiam paris,466,Indeed,1,Non,,,
les colettes sourcing,692,Cadre Emploi,1,Non,,,
les cuistots migrateurs,687,Indeed,1,Non,,,
les hôtels baverez,690,Indeed,1,Non,,,
maje siège france,454,Indeed,1,Non,,,
les nouveaux bureaux,436,Indeed,1,Non,,,
les petits prödiges,420,Indeed,1,Non,,,
natixis,449,Indeed,1,Non,,,
mercure paris centre tour eiffel,411,Indeed,1,Non,,,
nanterre (92),450,Indeed,1,Non,,,
métiga,456,Hello Work,1,Non,,,
maison goutal,447,Indeed,1,Non,,,
my pop up store,459,Indeed,1,Non,,,
my money bank,460,Indeed,1,Non,,,
musée de l'illusion,465,Indeed,1,Non,,,
metro france,417,Indeed,1,Non,,,
maven - mix with the masters,451,Indeed,1,Non,,,
1001 intérims,691,Indeed,1,Non,,,
nouveaugalileo global education france,407,Indeed,1,Non,,,
sncf réseau,514,Indeed,1,Non,,,
sodiaal,543,Cadre Emploi,1,Non,,,
solinum,545,Indeed,1,Non,,,
solutions informatiques,571,Indeed,1,Non,,,
sos villages d'enfants,574,Indeed,1,Non,,,
sosmorphee@dom,575,Indeed,1,Non,,,
sothys,576,Indeed,1,Non,,,
sovitrat montigny,577,Indeed,1,Non,,,
staffmatch ile-de-france,306,Indeed,1,Non,,,
strategy club,579,Indeed,1,Non,,,
studia,570,Indeed,1,Non,,,
stych,366,Indeed,1,Non,,,
suez,582,Indeed,1,Non,,,
swiss life,583,Indeed,1,Non,,,
syctom,584,Indeed,1,Non,,,
symphonie hotels,585,Indeed,1,Non,,,
sécuritas aviation,588,Indeed,1,Non,,,
t edition,589,Indeed,1,Non,,,
tagwalk,590,Indeed,1,Non,,,
société française de radiologie,515,Indeed,1,Non,,,
"smile, open source solutions",513,Indeed,1,Non,,,
novavet,406,Indeed,1,Non,,,
smabtp,510,Hello Work,1,Non,,,
sciences po,538,Indeed,1,Non,,,
scpa,540,Indeed,1,Non,,,
secrétariat de rythmologie,541,Indeed,1,Non,,,
selarl amandine barre,520,Indeed,1,Non,,,
senanque,518,Cadre Emploi,1,Non,,,
sensome,495,Indeed,1,Non,,,
septeo,517,Indeed,1,Non,,,
serco sarl,496,Indeed,1,Non,,,
service/ hospitality,497,Indeed,1,Non,,,
sgsco,500,Indeed,1,Non,,,
shiseido,501,Indeed,1,Non,,,
sia immobilier,503,Indeed,1,Non,,,
siplec,505,Indeed,1,Non,,,
sixt france,506,Indeed,1,Non,,,
skill and you,507,Indeed,1,Non,,,
skyrock,508,Indeed,1,Non,,,
skystone,509,Indeed,1,Non,,,
up skills cadres et experts,685,Hello Work,1,Non,,,
upskills cadres et experts,682,Cadre Emploi,1,Non,,,
us embassy paris,681,Indeed,1,Non,,,
valege lingerie,679,Indeed,1,Non,,,
verallia,136,Indeed,1,Non,,,
viamedis,606,Hello Work,1,Non,,,
vinci construction,603,Indeed,1,Non,,,
vipsun,598,Indeed,1,Non,,,
viseo ingenierie,637,Indeed,1,Non,,,
volkswagen group retail france,632,Indeed,1,Non,,,
voluntae,626,Indeed,1,Non,,,
waffle factory,491,Indeed,1,Non,,,
wfs worldwilde flight services,408,Indeed,1,Non,,,
wiz'us,480,Indeed,1,Non,,,
wooskill,430,Indeed,1,Non,,,
yespark,427,Indeed,1,Non,,,
zara france - inditex,426,Indeed,1,Non,,,
unml,651,Indeed,1,Non,,,
union pour l'enfance,502,Indeed,1,Non,,,
thema-services,563,Indeed,1,Non,,,
techmo hygiène,550,Indeed,1,Non,,,
tessi,553,Indeed,1,Non,,,
thales,554,Indeed,1,Non,,,
the access bank uk limited,556,Indeed,1,Non,,,
the body shop international limited,559,Indeed,1,Non,,,
the french bastards,560,Indeed,1,Non,,,
the north face,561,Indeed,1,Non,,,
theassistant,562,Indeed,1,Non,,,
thinkproject holding gmbh,565,Indeed,1,Non,,,
ugap,580,Indeed,1,Non,,,
thomas export,566,Indeed,1,Non,,,
tim,671,Indeed,1,Non,,,
tn avocats,564,Indeed,1,Non,,,
too hôtel,557,Indeed,1,Non,,,
totalenergies,551,Indeed,1,Non,,,
tranoï,568,Indeed,1,Non,,,
triomphe sécurité,581,Indeed,1,Non,,,
trouve moi un job,586,Indeed,1,Non,,,
savs samsah 93 apf,533,Indeed,1,Non,,,
primeo energie france,493,Cadre Emploi,1,Non,,,
parisiennement vôtre,619,Indeed,1,Non,,,
partners consulting,617,Hello Work,1,Non,,,
pathé bc afrique,594,Indeed,1,Non,,,
payfit,595,Indeed,1,Non,,,
peppe pizzeria,596,Indeed,1,Non,,,
performance energetique de l'habitat,597,Indeed,1,Non,,,
pharma licensing club france,600,Indeed,1,Non,,,
pharmacie maman,601,Indeed,1,Non,,,
pharmacie monge,602,Indeed,1,Non,,,
piano,604,Indeed,1,Non,,,
pierre & vacances,605,Indeed,1,Non,,,
pierre hermé paris,607,Indeed,1,Non,,,
place dentaire,608,Indeed,1,Non,,,
plasseraud,610,Indeed,1,Non,,,
pluriad,611,Indeed,1,Non,,,
poltronesofà,612,Indeed,1,Non,,,
prada,642,Indeed,1,Non,,,
predictis,643,Indeed,1,Non,,,
predictive rh,644,Cadre Emploi,1,Non,,,
paris society,639,Indeed,1,Non,,,
paris baguette france,638,Indeed,1,Non,,,
paris 17e,636,Indeed,1,Non,,,
oniam,620,Indeed,1,Non,,,
novetude - service rh,405,Indeed,1,Non,,,
novotel,435,Indeed,1,Non,,,
oeuvre de secours aux enfants,419,Indeed,1,Non,,,
omniservices,409,Indeed,1,Non,,,
one clinic,410,Indeed,1,Non,,,
onet,369,Cadre Emploi,1,Non,,,
onet propreté et services,593,Hello Work,1,Non,,,
openmedias,621,Indeed,1,Non,,,
paradox museum paris,633,Indeed,1,Non,,,
opensourcing,622,Hello Work,1,Non,,,
opteamis,623,Indeed,1,Non,,,
optimum vie s.a.,624,Indeed,1,Non,,,
opus formation,625,Indeed,1,Non,,,
orpea,263,Indeed,1,Non,,,
ortec,261,Cadre Emploi,1,Non,,,
ouverture's,628,Hello Work,1,Non,,,
page personnel super recruteur,630,Hello Work,1,Non,,,
pretto,670,Indeed,1,Non,,,
prisma media,673,Indeed,1,Non,,,
savs paris oeuvre falret,532,Indeed,1,Non,,,
pro conduite,674,Indeed,1,Non,,,
ria financial,656,Indeed,1,Non,,,
ris intérim,659,Indeed,1,Non,,,
ritz paris le comptoir,660,Indeed,1,Non,,,
rivp,661,Indeed,1,Non,,,
romy p.,664,Hello Work,1,Non,,,
rothschild & co,665,Indeed,1,Non,,,
rqth recrutement,618,Indeed,1,Non,,,
rte - le réseau de transport d'electricité,592,Indeed,1,Non,,,
sacd,519,Indeed,1,Non,,,
safe handling training,522,Indeed,1,Non,,,
santécité,524,Indeed,1,Non,,,
sapian,525,Indeed,1,Non,,,
sas parisjus - wild & the moon,528,Indeed,1,Non,,,
sas pâtisserie e.ladurée,529,Indeed,1,Non,,,
saverglass,530,Cadre Emploi,1,Non,,,
savs association aurore,531,Indeed,1,Non,,,
renée costes,654,Indeed,1,Non,,,
rentokil,653,Indeed,1,Non,,,
renee costes immobilier,652,Indeed,1,Non,,,
ranger,688,Indeed,1,Non,,,
promovacances,675,Hello Work,1,Non,,,
lbesoft,986,Indeed,1,Non,,,
prudhomme sa,677,Indeed,1,Non,,,
pullman paris tour eiffel,669,Indeed,1,Non,,,
qualis versailles,684,Indeed,1,Non,,,
qualité & co,686,Indeed,1,Non,,,
radiall,160,Cadre Emploi,1,Non,,,
ras interim,689,Cadre Emploi,1,Non,,,
renault group,650,Hello Work,1,Non,,,
ratp dev,168,Cadre Emploi,1,Non,,,
rc recrutement conseil,668,Cadre Emploi,1,Non,,,
reacteev,667,Indeed,1,Non,,,
recommerce solutions,666,Indeed,1,Non,,,
recrute talents,645,Indeed,1,Non,,,
recrutjobext,646,Indeed,1,Non,,,
redwood paris,648,Indeed,1,Non,,,
reisel,649,Hello Work,1,Non,,,
lcl,987,Indeed,1,Non,,,
ifae accueil,967,Indeed,1,Non,,,
lazard,984,Indeed,1,Non,,,
centre ellasanté,700,Indeed,1,Non,,,
cartesio,694,Cadre Emploi,1,Non,,,
casden - banque populaire,695,Indeed,1,Non,,,
cbre,321,Hello Work,1,Non,,,
cbre gws france,696,Indeed,1,Non,,,
cci paris idf,322,Indeed,1,Non,,,
ceciaa,697,Indeed,1,Non,,,
centre de santé jack senet pluridisciplinaire de...,699,Indeed,1,Non,,,
centurion search,701,Indeed,1,Non,,,
cardinal promotion,706,Indeed,1,Non,,,
cer bobillot,702,Indeed,1,Non,,,
cfao,704,Indeed,1,Non,,,
chabe,693,Indeed,1,Non,,,
challenge recrutement,705,Cadre Emploi,1,Non,,,
chasse de têtes,707,Cadre Emploi,1,Non,,,
chenut oliveira santiago,708,Indeed,1,Non,,,
ciel de paris,710,Indeed,1,Non,,,
cites caritas,711,Indeed,1,Non,,,
carrevolutis,718,Indeed,1,Non,,,
capstan lms,719,Indeed,1,Non,,,
clareo lighting,713,Hello Work,1,Non,,,
business & decision,733,Indeed,1,Non,,,
bon parfumeur,726,Indeed,1,Non,,,
bred banque populaire,309,Indeed,1,Non,,,
bridge rh & associés,728,Indeed,1,Non,,,
bristol myers squibb,729,Indeed,1,Non,,,
bruce,730,Indeed,1,Non,,,
btsg2,731,Indeed,1,Non,,,
burberry,732,Indeed,1,Non,,,
bureau veritas,721,Indeed,1,Non,,,
capital transaction,734,Indeed,1,Non,,,
cabinet de recrutement de travailleurs handicapés,737,Hello Work,1,Non,,,
cabinet jourdan,738,Indeed,1,Non,,,
cafpi,312,Hello Work,1,Non,,,
caisse d'epargne bretagne pays de loire,739,Cadre Emploi,1,Non,,,
caisse des écoles paris 17ème,740,Indeed,1,Non,,,
canon france sa,742,Indeed,1,Non,,,
cap ingelec,743,Hello Work,1,Non,,,
cap vital sante,744,Indeed,1,Non,,,
capgemini invent,745,Indeed,1,Non,,,
cité de la musique - philharmonie de paris,712,Indeed,1,Non,,,
classeos,714,Indeed,1,Non,,,
bnp paribas,304,Hello Work,1,Non,,,
deleev,754,Indeed,1,Non,,,
crédit agricole immobilier,800,Indeed,1,Non,,,
cultival,801,Indeed,1,Non,,,
daimler buses france,775,Indeed,1,Non,,,
daniel feau,762,Indeed,1,Non,,,
dassault aviation,774,Indeed,1,Non,,,
de corgnol & agnes,750,Hello Work,1,Non,,,
decibelles,751,Indeed,1,Non,,,
defi technology,752,Indeed,1,Non,,,
delacommune et dumont sccc,753,Indeed,1,Non,,,
descours & cabaud,756,Indeed,1,Non,,,
crystalchain,798,Indeed,1,Non,,,
designjobs,757,Indeed,1,Non,,,
destina work,758,Indeed,1,Non,,,
digisap solutions,759,Indeed,1,Non,,,
"diversey, inc.",760,Indeed,1,Non,,,
djg consulting,749,Indeed,1,Non,,,
dr martens,761,Indeed,1,Non,,,
driiveme,763,Hello Work,1,Non,,,
ds,764,Indeed,1,Non,,,
ds cafe,765,Indeed,1,Non,,,
crédit agricole,799,Indeed,1,Non,,,
crowe fidelio,797,Indeed,1,Non,,,
claudine fortin,715,Indeed,1,Non,,,
communauté de communes chinon vienne et loire,782,Indeed,1,Non,,,
cleaq,716,Indeed,1,Non,,,
clinique de l'alma,717,Indeed,1,Non,,,
clinisciences,746,Indeed,1,Non,,,
clubfunding-group,720,Indeed,1,Non,,,
cmpr laennec,747,Indeed,1,Non,,,
cojean,778,Indeed,1,Non,,,
collège de paris,779,Indeed,1,Non,,,
collège de paris développement,780,Indeed,1,Non,,,
comet,781,Indeed,1,Non,,,
compleo rh,784,Indeed,1,Non,,,
crit france,796,LinkedIn,1,Non,,,
confidentiel,785,Indeed,1,Non,,,
connection,786,Indeed,1,Non,,,
conseil départemental du 94 de l'ordre des médecins,787,Indeed,1,Non,,,
conseil national des barreaux,788,Indeed,1,Non,,,
cora,789,Indeed,1,Non,,,
corwave,791,Indeed,1,Non,,,
courbevoie forme,793,Indeed,1,Non,,,
cram,794,Indeed,1,Non,,,
creperie l'atelier,795,Indeed,1,Non,,,
bnp paribas real estate,724,Indeed,1,Non,,,
bijouterie ponsolle,722,Indeed,1,Non,,,
dsm-firmenich,767,Indeed,1,Non,,,
aftral,830,Indeed,1,Non,,,
agence alizée hôtesses,806,Indeed,1,Non,,,
agence de presse,807,Indeed,1,Non,,,
agence elegance hôtesses,808,Indeed,1,Non,,,
agence profil paris,809,Indeed,1,Non,,,
agence sharing,810,Indeed,1,Non,,,
agenceweb.fr,811,Indeed,1,Non,,,
agirc-arrco,813,Indeed,1,Non,,,
aides,814,Indeed,1,Non,,,
aktisea,817,Hello Work,1,Non,,,
af partner,846,Cadre Emploi,1,Non,,,
alain bensoussan selas,819,Indeed,1,Non,,,
aldes,94,Cadre Emploi,1,Non,,,
algoe executive,821,Cadre Emploi,1,Non,,,
alize clim,822,Indeed,1,Non,,,
altarea,823,Indeed,1,Non,,,
alvarez paris,824,Indeed,1,Non,,,
amalo recrutement,825,Indeed,1,Non,,,
anamnese,828,Indeed,1,Non,,,
andex,829,Indeed,1,Non,,,
afppcd,818,Indeed,1,Non,,,
aesio,857,Indeed,1,Non,,,
aneotélétravail hybride à 92100 boulogne-billancourt,859,Indeed,1,Non,,,
acm gie,843,Indeed,1,Non,,,
26 academy,834,Indeed,1,Non,,,
3e sens,835,Indeed,1,Non,,,
abc liv,837,Indeed,1,Non,,,
abei,838,Cadre Emploi,1,Non,,,
abilways,839,Indeed,1,Non,,,
able julie tuil,840,Indeed,1,Non,,,
académie art dentaire isabelle dutel,841,Indeed,1,Non,,,
accuracy,842,Indeed,1,Non,,,
acoges,844,Hello Work,1,Non,,,
advisia rh,855,Indeed,1,Non,,,
acp atlantique,833,Cadre Emploi,1,Non,,,
acting-finances,845,Indeed,1,Non,,,
actual paris 08,847,Indeed,1,Non,,,
adaptel,848,Indeed,1,Non,,,
add up,849,Indeed,1,Non,,,
additi,850,Indeed,1,Non,,,
adeva,852,Indeed,1,Non,,,
adidas,853,Indeed,1,Non,,,
aneotélétravail,858,Indeed,1,Non,,,
anfh,860,Indeed,1,Non,,,
bfi partners,803,Indeed,1,Non,,,
b&m france,876,Cadre Emploi,1,Non,,,
audition conseil,865,Indeed,1,Non,,,
aurlom prépa,867,Indeed,1,Non,,,
autisme en ile-de-france,868,Indeed,1,Non,,,
auzou editions - groupe auzou,869,Indeed,1,Non,,,
avenir rh,870,Indeed,1,Non,,,
axa en france,871,Hello Work,1,Non,,,
axelyo,872,Cadre Emploi,1,Non,,,
axelys santé,861,Indeed,1,Non,,,
axiome recrutement,873,Cadre Emploi,1,Non,,,
balsan,877,Indeed,1,Non,,,
aubade,862,Indeed,1,Non,,,
baprod,878,Indeed,1,Non,,,
barrière,879,Indeed,1,Non,,,
batelier,880,Indeed,1,Non,,,
batisante,881,Indeed,1,Non,,,
beeline group,883,Indeed,1,Non,,,
bei,884,Indeed,1,Non,,,
bel group,885,Indeed,1,Non,,,
ben's cookies,804,Indeed,1,Non,,,
bernard controls,365,Indeed,1,Non,,,
audiens conseil,864,Indeed,1,Non,,,
at internet,887,Indeed,1,Non,,,
anfore,874,Indeed,1,Non,,,
armonis,901,Indeed,1,Non,,,
angeris,890,Indeed,1,Non,,,
animastreet,891,Indeed,1,Non,,,
apixi,893,Indeed,1,Non,,,
apm international,894,Indeed,1,Non,,,
apothicom distribution,895,Indeed,1,Non,,,
approach people recruitment,896,Indeed,1,Non,,,
apsia,897,Indeed,1,Non,,,
arc - equipes d'amitié,899,Indeed,1,Non,,,
arche formation,900,Indeed,1,Non,,,
astoria finance,888,Indeed,1,Non,,,
arteris,903,Indeed,1,Non,,,
artisan crepier,904,Indeed,1,Non,,,
ascencia business school,906,Cadre Emploi,1,Non,,,
assessfirst,907,Indeed,1,Non,,,
association addictions france,908,Indeed,1,Non,,,
association aurore,909,Indeed,1,Non,,,
association diocésaine de paris,910,Indeed,1,Non,,,
association notre-dame,911,Indeed,1,Non,,,
association valentin hauy,889,Indeed,1,Non,,,
dsd organisation,766,Indeed,1,Non,,,
dualis partner,768,Indeed,1,Non,,,
latham & watkins,972,LinkedIn,1,Non,,,
idefle,964,Indeed,1,Non,,,
hospitality on,944,Indeed,1,Non,,,
hr link,956,Cadre Emploi,1,Non,,,
humainea,958,Indeed,1,Non,,,
hygiene habitat,959,Indeed,1,Non,,,
hôpital paris saint-joseph,960,Indeed,1,Non,,,
i.g.e sa,961,Indeed,1,Non,,,
ibsa pharma,962,Indeed,1,Non,,,
icf habitat,963,Indeed,1,Non,,,
idem pour comdata group,965,Indeed,1,Non,,,
horizon engineering management,954,Indeed,1,Non,,,
ieseg,966,Hello Work,1,Non,,,
1001 vies habitat,957,Indeed,1,Non,,,
ifae rh,968,Indeed,1,Non,,,
ifpass jedha,942,Indeed,1,Non,,,
ifpen,929,Indeed,1,Non,,,
ikuto,941,Indeed,1,Non,,,
ile de france bureautique,917,Indeed,1,Non,,,
impact recrutement,918,Hello Work,1,Non,,,
impactup cabinet conseil.,919,Hello Work,1,Non,,,
hors clichés,955,Indeed,1,Non,,,
horiba france sas,953,Indeed,1,Non,,,
inetum,921,Indeed,1,Non,,,
groupe up,1103,Indeed,1,Non,,,
groupe ifpass,1090,Indeed,1,Non,,,
groupe igf,1091,Indeed,1,Non,,,
groupe leader intérim,1092,Indeed,1,Non,,,
groupe mgen,1093,Cadre Emploi,1,Non,,,
groupe pomona,1083,Indeed,1,Non,,,
groupe puce et plume,1097,Indeed,1,Non,,,
groupe smabtp,1099,Indeed,1,Non,,,
groupe st ho,1101,Indeed,1,Non,,,
groupe t2mc,1102,Indeed,1,Non,,,
groupe verlaine,1104,Indeed,1,Non,,,
homnia,952,Indeed,1,Non,,,
gs4,1106,Indeed,1,Non,,,
générale des services,1107,Hello Work,1,Non,,,
h2r power,1054,Indeed,1,Non,,,
habille tout pro,1025,Indeed,1,Non,,,
happytal,1024,Indeed,1,Non,,,
harmonie mutuelle,945,Indeed,1,Non,,,
hellopro.fr,947,Indeed,1,Non,,,
histoire d'or,950,Indeed,1,Non,,,
ineos,920,Indeed,1,Non,,,
infopro digital,922,Cadre Emploi,1,Non,,,
groupe fournier,1087,Indeed,1,Non,,,
kuantom,1000,Indeed,1,Non,,,
kelly services,1012,Indeed,1,Non,,,
kelly tertiaire,1014,Indeed,1,Non,,,
kepax,1015,Hello Work,1,Non,,,
kingspan water and energy,1016,Indeed,1,Non,,,
klesia,1018,Indeed,1,Non,,,
koala pressing,1019,Indeed,1,Non,,,
komet france,1020,Indeed,1,Non,,,
ks services,1023,Indeed,1,Non,,,
l'industrie recrute,999,Hello Work,1,Non,,,
kalliope,1008,Indeed,1,Non,,,
l'école francaise,998,Indeed,1,Non,,,
la bonbonniere,997,Indeed,1,Non,,,
la centrale de financement,973,Indeed,1,Non,,,
la cipav,974,Indeed,1,Non,,,
la monnaie de paris,975,Indeed,1,Non,,,
la web school factory,976,Indeed,1,Non,,,
laboratoires juva santé,977,Indeed,1,Non,,,
lalamedia,981,Indeed,1,Non,,,
lancaster,982,Indeed,1,Non,,,
kara tt,1009,Cadre Emploi,1,Non,,,
kaliti,1007,Indeed,1,Non,,,
institut curie,923,Indeed,1,Non,,,
iziwork,936,Indeed,1,Non,,,
institut national du service public,924,Indeed,1,Non,,,
integra,925,Cadre Emploi,1,Non,,,
inthy,926,Indeed,1,Non,,,
intuis,927,Indeed,1,Non,,,
investisseur privé,916,Indeed,1,Non,,,
invivo,928,Indeed,1,Non,,,
isis immobilier,933,Indeed,1,Non,,,
italo coiffure,934,Indeed,1,Non,,,
ivica rh,935,Indeed,1,Non,,,
iéseg school of management,937,Indeed,1,Non,,,
kalitess,1006,Indeed,1,Non,,,
jahia,938,Indeed,1,Non,,,
jann-k creations,939,Indeed,1,Non,,,
jen's mobiles accessories,940,Indeed,1,Non,,,
jobberry banque,970,Cadre Emploi,1,Non,,,
jobergroup | recrutement médical,985,Indeed,1,Non,,,
jordenen,1002,Indeed,1,Non,,,
jungheinrich france s.a.s.,1003,Indeed,1,Non,,,
k-ryole,1004,Indeed,1,Non,,,
kalidea canal ce,1005,Indeed,1,Non,,,
groupe fsc,1088,Indeed,1,Non,,,
dumas+limbach fine art,769,Indeed,1,Non,,,
era la vallee immobiliere,72,Cadre Emploi,1,Non,,,
era acces immobilier,102,Cadre Emploi,1,Non,,,
era agence bilan immobilier,61,Cadre Emploi,1,Non,,,
era agence de la mairie,58,Cadre Emploi,1,Non,,,
era amp immo,63,Cadre Emploi,1,Non,,,
era flandre crimee,69,Cadre Emploi,1,Non,,,
era immobiliere de la gare,119,Cadre Emploi,1,Non,,,
era immoteam,76,Cadre Emploi,1,Non,,,
era la clef saint pierre,123,Cadre Emploi,1,Non,,,
era la gatine immobilier,1075,Cadre Emploi,1,Non,,,
era mediterranee immobilier,65,Cadre Emploi,1,Non,,,
epls,1071,Indeed,1,Non,,,
era nsd immobilier,89,Cadre Emploi,1,Non,,,
eramet,1077,Hello Work,1,Non,,,
eres,1078,Indeed,1,Non,,,
ernest & valentin,1079,Indeed,1,Non,,,
espace bureautique,1068,Indeed,1,Non,,,
essi,1040,Indeed,1,Non,,,
etablissement public du musée d'orsay et de...,1052,Indeed,1,Non,,,
etude ms,1028,Hello Work,1,Non,,,
eps ville evrard,1072,Indeed,1,Non,,,
episode bv,1070,Indeed,1,Non,,,
euridis ecole de commerce,1030,Indeed,1,Non,,,
ellasanté,1057,Hello Work,1,Non,,,
dunasys ingenierie,770,Indeed,1,Non,,,
dvine,772,Hello Work,1,Non,,,
eataly paris marais,773,Indeed,1,Non,,,
economat des armées,226,Indeed,1,Non,,,
eden park,913,Indeed,1,Non,,,
edf,914,Indeed,1,Non,,,
efficientip,915,Indeed,1,Non,,,
effience,1026,Indeed,1,Non,,,
eliote (audiovisuel),1056,Indeed,1,Non,,,
elvina belloir,1058,Indeed,1,Non,,,
epiconcept,1069,Indeed,1,Non,,,
elyssis consulting,1059,Cadre Emploi,1,Non,,,
emmaus connect,1060,Indeed,1,Non,,,
emploi services formation,1061,Indeed,1,Non,,,
enera conseil,1063,Indeed,1,Non,,,
engie energie services,1064,Indeed,1,Non,,,
engie renouvelables,1065,Indeed,1,Non,,,
enzyme design,1066,Indeed,1,Non,,,
eowin,1055,Indeed,1,Non,,,
epf,1067,Indeed,1,Non,,,
eurex,1029,Cadre Emploi,1,Non,,,
eurinter - european homes,1031,Cadre Emploi,1,Non,,,
groupe etam,1086,Indeed,1,Non,,,
gr groupe,1128,Indeed,1,Non,,,
free reseau,1119,Indeed,1,Non,,,
frerejean freres,1120,Indeed,1,Non,,,
froilabo,1121,Indeed,1,Non,,,
fédération soliha,1122,Indeed,1,Non,,,
gault&millau,1124,Indeed,1,Non,,,
gemploi,1125,Indeed,1,Non,,,
gojob,1126,Hello Work,1,Non,,,
gourmet food france,1127,Indeed,1,Non,,,
green energy service,1130,Indeed,1,Non,,,
france consult,1117,Cadre Emploi,1,Non,,,
groupama supports et services,1132,Indeed,1,Non,,,
groupapharm,1133,Indeed,1,Non,,,
groupe advenis,1134,Hello Work,1,Non,,,
groupe bayard edition,1110,Indeed,1,Non,,,
groupe bigard,1109,Indeed,1,Non,,,
groupe como,1108,Indeed,1,Non,,,
groupe duval,1084,Indeed,1,Non,,,
groupe edh,1085,Indeed,1,Non,,,
france métiers,1118,Indeed,1,Non,,,
force interim,1113,Indeed,1,Non,,,
ewigo developpement,1032,Indeed,1,Non,,,
fidelia,1047,Cadre Emploi,1,Non,,,
exchange college,1034,Cadre Emploi,1,Non,,,
expert & manager levallois,1038,Indeed,1,Non,,,
extia ingenierie,1027,Indeed,1,Non,,,
facilib,1039,Indeed,1,Non,,,
fadi prestige,1041,Indeed,1,Non,,,
fcrt patrimoine,1042,Indeed,1,Non,,,
fed finance banque de marché,1044,Indeed,1,Non,,,
fed finance banque de réseau,1045,Indeed,1,Non,,,
felice,1046,Indeed,1,Non,,,
figaret,1048,Indeed,1,Non,,,
foodcheri,1112,Indeed,1,Non,,,
filhet-allard,1049,Indeed,1,Non,,,
fimalac entertainment,1050,Indeed,1,Non,,,
fisker inc,1051,Indeed,1,Non,,,
flatlooker,1080,Indeed,1,Non,,,
florian mantione institut,1081,Cadre Emploi,1,Non,,,
foncia,1082,Indeed,1,Non,,,
foncia groupe,53,Cadre Emploi,1,Non,,,
fondation nationale ciup,1096,Indeed,1,Non,,,
élivie,1135,Indeed,1,Non,,,
