Entreprise,Nombre d'offres postés les 10 derniers jours,Contacté,Téléphone,Email,company_id
armée de l'air et de l'espace,402,Non,,,1
iscod,230,Non,,,2
lhh recruitment solutions,138,Non,,,3
page personnel,109,Non,,,4
armée de terre française,69,Non,,,5
neithwork,55,Non,,,6
actalent,51,Non,,,7
meta,39,Non,,,8
talents adv & supply,32,Non,,,9
fed supply,31,Non,,,10
fed finance,27,Non,,,11
lhh recruitment solutions-,25,Non,,,12
michael page,25,Non,,,13
assistalents,24,Non,,,14
lea recrutement,23,Non,,,15
uptoo,22,Non,,,16
galeries lafayette,21,Non,,,17
hays,19,Non,,,18
comptalents,16,Non,,,19
legal & hr talents,15,Non,,,20
le cabrh,15,Non,,,21
dalkia,14,Non,,,22
aston carter,13,Non,,,23
chanel,13,Non,,,24
le mercato de l'emploi,13,Non,,,25
winsearch nantes aec,12,Non,,,26
bastide groupe,12,Non,,,27
elis,12,Non,,,28
ortec engineering,12,Non,,,29
volkswagen,12,Non,,,30
gmf,11,Non,,,31
fiducial,11,Non,,,32
groupe kering,11,Non,,,33
louis vuitton,11,Non,,,34
volvo group,10,Non,,,35
biblioemplois,10,Non,,,36
fed human,10,Non,,,37
groupe m6,10,Non,,,38
printemps,9,Non,,,39
randstad search,9,Non,,,40
fed office,9,Non,,,41
sintel recrutement - sintel conseil - sintel fashion international - sintel france,8,Non,,,42
epitech,8,Non,,,43
pay job,8,Non,,,44
manpower,8,Non,,,45
pôle emploi,7,Non,,,46
engie,7,Non,,,47
effektiv,7,Non,,,48
marianne international,7,Non,,,49
sinclair ressources,7,Non,,,50
grant thornton france,7,Non,,,51
noz,7,Non,,,52
foncia groupe,7,Non,,,53
fyte assistanat & adv,7,Non,,,54
groupe sos,7,Non,,,55
aventa subsea and offshore specialists,6,Non,,,56
société générale,6,Non,,,57
era agence de la mairie,6,Non,,,58
e.leclerc,6,Non,,,59
ltd recrutement,6,Non,,,60
era agence bilan immobilier,6,Non,,,61
la sécu recrute,6,Non,,,62
era amp immo,6,Non,,,63
hsbc,6,Non,,,64
era mediterranee immobilier,6,Non,,,65
gan assurances,6,Non,,,66
paris,6,Non,,,67
florence dore sa,6,Non,,,68
era flandre crimee,6,Non,,,69
euretudes,6,Non,,,70
ifcv,6,Non,,,71
era la vallee immobiliere,6,Non,,,72
era immobilier saint omer,6,Non,,,73
le bonbon,5,Non,,,74
talents commerciaux,5,Non,,,75
era immoteam,5,Non,,,76
talents aec,5,Non,,,77
era immoteam (s),5,Non,,,78
hedon technologies,5,Non,,,79
synergie,5,Non,,,80
era maresol immobilier,5,Non,,,81
sodexo,5,Non,,,82
mômji,5,Non,,,83
skills rh,5,Non,,,84
michael page interim management,5,Non,,,85
era saint lazare immobilier,5,Non,,,86
maaf,5,Non,,,87
selescope,5,Non,,,88
era nsd immobilier,5,Non,,,89
hermes international,5,Non,,,90
ramsay generale de sante,5,Non,,,91
adsearch,5,Non,,,92
voisins solidaires,5,Non,,,93
aldes,5,Non,,,94
ag2r la mondiale,5,Non,,,95
agence france prestige,5,Non,,,96
acd groupe,5,Non,,,97
tarian france,4,Non,,,98
banque delubac et compagnie,4,Non,,,99
era agence baie de seine,4,Non,,,100
le bon marché,4,Non,,,101
era acces immobilier,4,Non,,,102
action logement,4,Non,,,103
job link,4,Non,,,104
harry hope,4,Non,,,105
nestenn immobilier,4,Non,,,106
groupe roullier - cfpr,4,Non,,,107
par excellence,4,Non,,,108
abylsen,4,Non,,,109
hermes sellier,4,Non,,,110
capgemini,4,Non,,,111
mairie de clichy,4,Non,,,112
lhh recruitment solutions- paris,4,Non,,,113
fromageries bel,4,Non,,,114
de graët consulting,4,Non,,,115
ami paris,4,Non,,,116
unik&co,4,Non,,,117
era immobilier atgl,4,Non,,,118
era immobiliere de la gare,4,Non,,,119
era enzo immobilier,4,Non,,,120
cma cgm,4,Non,,,121
era l'immobilière du centre,4,Non,,,122
era la clef saint pierre,4,Non,,,123
morgan philips executive search,4,Non,,,124
era les gatines,4,Non,,,125
bridge rh,4,Non,,,126
era agence de l'eglise,4,Non,,,127
cnrs,4,Non,,,128
cgi,4,Non,,,129
studency,4,Non,,,130
groupe atlantic,4,Non,,,131
leasecom,4,Non,,,132
groupe adp,4,Non,,,133
lululemon,4,Non,,,134
era val de durance immobilier,4,Non,,,135
verallia,3,Non,,,136
fab group,3,Non,,,137
hexagon,3,Non,,,138
lyreco france sa,3,Non,,,139
kpmg,3,Non,,,140
fed legal,3,Non,,,141
sopra steria,3,Non,,,142
bwo recrutement (brain work office),3,Non,,,143
la banque postale,3,Non,,,144
mairie de drancy,3,Non,,,145
keolia it,3,Non,,,146
ey,3,Non,,,147
ccld,3,Non,,,148
access interim,3,Non,,,149
air transat,3,Non,,,150
urvika,3,Non,,,151
charrette service,3,Non,,,152
era mlbd immobilier,3,Non,,,153
hutchinson,3,Non,,,154
veolia,3,Non,,,155
segula technologies,3,Non,,,156
proman,3,Non,,,157
uniformation,3,Non,,,158
société de vénerie,3,Non,,,159
radiall,3,Non,,,160
epicene,3,Non,,,161
conquisitor,3,Non,,,162
conseil departemental du val d'oise,3,Non,,,163
enssib,3,Non,,,164
domavia,3,Non,,,165
capgemini engineering,3,Non,,,166
highline group,3,Non,,,167
ratp dev,3,Non,,,168
bouygues construction,3,Non,,,169
riverchelles rhone alpes,3,Non,,,170
abil ressources,3,Non,,,171
guinot mary cohr,3,Non,,,172
tertialis,3,Non,,,173
inserm,3,Non,,,174
fyte,3,Non,,,175
anvergure,3,Non,,,176
grafton recruitment,3,Non,,,177
axcess,3,Non,,,178
novinter,3,Non,,,179
tree top staffing llc,3,Non,,,180
mgen,3,Non,,,181
international tourism,3,Non,,,182
learnation.group,3,Non,,,183
gitec travail temporaire chaussee d'antin,3,Non,,,184
volvo,3,Non,,,185
yumani,3,Non,,,186
adeis rh,3,Non,,,187
france terre d'asile,3,Non,,,188
time recrutement,3,Non,,,189
audi,3,Non,,,190
animalis,3,Non,,,191
disneyland paris,3,Non,,,192
hays france,3,Non,,,193
groupe fed,3,Non,,,194
institut f2i,3,Non,,,195
robert half sa,3,Non,,,196
croix-rouge française,3,Non,,,197
archibat,3,Non,,,198
ird,3,Non,,,199
bdo talent management,3,Non,,,200
synapse executive search,3,Non,,,201
reel,3,Non,,,202
armand thiery,3,Non,,,203
groupe piment,3,Non,,,204
safran,3,Non,,,205
dekra,3,Non,,,206
hôtel du collectionneur arc de triomphe,2,Non,,,207
ifocop,2,Non,,,208
instan ardh,2,Non,,,209
institut catholique de paris,2,Non,,,210
microids,2,Non,,,211
akto,2,Non,,,212
riverchelles,2,Non,,,213
défenseur des droits,2,Non,,,214
inrae,2,Non,,,215
reesk,2,Non,,,216
multicibles,2,Non,,,217
elsan,2,Non,,,218
reder,2,Non,,,219
eliness,2,Non,,,220
multimat comptage,2,Non,,,221
eiffage,2,Non,,,222
ratp dev - france suisse,2,Non,,,223
alphee,2,Non,,,224
alten,2,Non,,,225
economat des armées,2,Non,,,226
rexel,2,Non,,,227
eco smart france,2,Non,,,228
eat salad,2,Non,,,229
all virtual,2,Non,,,230
mma,2,Non,,,231
elysis consulting,2,Non,,,232
qualisocial,2,Non,,,233
ibs global services,2,Non,,,234
indiana café,2,Non,,,235
my connectt,2,Non,,,236
igefi paris,2,Non,,,237
aptitude experts,2,Non,,,238
uth - ut hospitality,2,Non,,,239
ovhcloud,2,Non,,,240
flg caducial,2,Non,,,241
fms,2,Non,,,242
haltys,2,Non,,,243
virtuo,2,Non,,,244
fpt,2,Non,,,245
partnaire france,2,Non,,,246
france télévisions,2,Non,,,247
paris habitat,2,Non,,,248
groupe urvika,2,Non,,,249
geser best,2,Non,,,250
gif emploi,2,Non,,,251
globe groupe,2,Non,,,252
adeoz,2,Non,,,253
grass roots sales and marketing,2,Non,,,254
harry hope.,2,Non,,,255
nw,2,Non,,,256
oudinex,2,Non,,,257
otteo,2,Non,,,258
groupe printemps,2,Non,,,259
groupe actual,2,Non,,,260
ortec,2,Non,,,261
groupe balguerie,2,Non,,,262
orpea,2,Non,,,263
organisation ndrh,2,Non,,,264
groupe crédit agricole,2,Non,,,265
groupe elsan,2,Non,,,266
groupe philéo,2,Non,,,267
adequat,2,Non,,,268
fitjob,2,Non,,,269
vp&white,2,Non,,,270
akela interim,2,Non,,,271
events one,2,Non,,,272
hype,2,Non,,,273
valeo,2,Non,,,274
van cleef & arpels,2,Non,,,275
publicis groupe,2,Non,,,276
hunteo,2,Non,,,277
eres recrutement,2,Non,,,278
prosodia,2,Non,,,279
profile research,2,Non,,,280
ethika,2,Non,,,281
métropole du grand paris,2,Non,,,282
agence workteam,2,Non,,,283
action logement services,2,Non,,,284
horisis.com,2,Non,,,285
evolis,2,Non,,,286
phone régie,2,Non,,,287
positive planet,2,Non,,,288
historial de montmartre,2,Non,,,289
walters people,2,Non,,,290
neo2,2,Non,,,291
extradiag,2,Non,,,292
factorhy avocats,2,Non,,,293
neosearch consulting,2,Non,,,294
hello human,2,Non,,,295
heineken entreprise,2,Non,,,296
ville de paris,2,Non,,,297
vs consulting,2,Non,,,298
fhb,2,Non,,,299
hc2r,2,Non,,,300
expertise france,2,Non,,,301
intertek,2,Non,,,302
riverchelles paris,2,Non,,,303
bnp paribas,2,Non,,,304
star's music,2,Non,,,305
staffmatch ile-de-france,2,Non,,,306
abn recrutement,2,Non,,,307
bpce achats,2,Non,,,308
bred banque populaire,2,Non,,,309
cab à talents,2,Non,,,310
konica minolta,2,Non,,,311
cafpi,2,Non,,,312
kobaltt,2,Non,,,313
maison de luxe - commerce de détail,2,Non,,,314
sncf,2,Non,,,315
keyence france,2,Non,,,316
smac,2,Non,,,317
web et vous,2,Non,,,318
cartier,2,Non,,,319
maison reynaud,2,Non,,,320
cbre,2,Non,,,321
cci paris idf,2,Non,,,322
cdg conseil,2,Non,,,323
manaero,2,Non,,,324
"centre de gerontologie "" les abondances""",2,Non,,,325
sintel recrutement - sintel conseil - sintel...,2,Non,,,326
century 21 france,2,Non,,,327
sintel recrutement,2,Non,,,328
mandarin oriental hotel group,2,Non,,,329
union financiere de france banque,2,Non,,,330
silvera,2,Non,,,331
chambre des notaires de paris,2,Non,,,332
kara travail temporaire & placement,2,Non,,,333
steerfox,2,Non,,,334
ltd,2,Non,,,335
chronopost,2,Non,,,336
bhv marais - groupe galeries lafayette,2,Non,,,337
aramis recrutement,2,Non,,,338
théma services,2,Non,,,339
arcade tertiaire,2,Non,,,340
lefebvre sarrut,2,Non,,,341
artemis success,2,Non,,,342
leaseo,2,Non,,,343
as emploi,2,Non,,,344
2m recrutement,2,Non,,,345
les établissements la maro,2,Non,,,346
you have sixty minutes,2,Non,,,347
lhh recruitment solutions- bezons,2,Non,,,348
teract,2,Non,,,349
atlante france sas,2,Non,,,350
talysio,2,Non,,,351
talents unis,2,Non,,,352
auto1 european cars b.v.,2,Non,,,353
talents construction,2,Non,,,354
avnir imt,2,Non,,,355
talents aec loire,2,Non,,,356
talents adv-supply,2,Non,,,357
talentis horizon,2,Non,,,358
b. braun medical s.a.s,2,Non,,,359
largillière finance,2,Non,,,360
banque bcp,2,Non,,,361
longevity partners,2,Non,,,362
sushishop,2,Non,,,363
wonderbox nl b.v.,2,Non,,,364
bernard controls,2,Non,,,365
stych,2,Non,,,366
withings,2,Non,,,367
keolis sa,2,Non,,,368
onet,2,Non,,,369
mgefi,2,Non,,,370
come in,2,Non,,,371
rush school,2,Non,,,372
job center massy,2,Non,,,373
scalian,2,Non,,,374
daven partners,2,Non,,,375
s&you,2,Non,,,376
danew electronics,2,Non,,,377
universcience,2,Non,,,378
j4s,2,Non,,,379
winsearch lyon aec,2,Non,,,380
cosmoparis,2,Non,,,381
ionis group,2,Non,,,382
saint gobain,2,Non,,,383
courir,2,Non,,,384
sandro siège,2,Non,,,385
credit agricole titres,2,Non,,,386
credit industriel et commercial,2,Non,,,387
scp lpf et associes,2,Non,,,388
maïki,2,Non,,,389
declic net,2,Non,,,390
selarl evidence,2,Non,,,391
robert walters lyon manufacturing et supply chain,2,Non,,,392
jss,2,Non,,,393
select service partner,2,Non,,,394
club med,2,Non,,,395
sephora,2,Non,,,396
deloitte,2,Non,,,397
marine nationale,2,Non,,,398
kado hostess agency,2,Non,,,399
coallia,2,Non,,,400
nopillo,1,Non,,,401
lhh recruitment solutions- mulhouse,1,Non,,,402
lhh recruitment solutions- paris la défense,1,Non,,,403
lhh recruitment solutions- mérignac,1,Non,,,404
novetude - service rh,1,Non,,,405
novavet,1,Non,,,406
nouveaugalileo global education france,1,Non,,,407
wfs worldwilde flight services,1,Non,,,408
omniservices,1,Non,,,409
one clinic,1,Non,,,410
mercure paris centre tour eiffel,1,Non,,,411
nouveau3f,1,Non,,,412
mondial pare-brise,1,Non,,,413
nouveaucuisinella,1,Non,,,414
mnt,1,Non,,,415
lhh recruitment solutions- lyon,1,Non,,,416
metro france,1,Non,,,417
lhh recruitment solutions- mere,1,Non,,,418
oeuvre de secours aux enfants,1,Non,,,419
les petits prödiges,1,Non,,,420
mirari wealth management,1,Non,,,421
odalys résidences,1,Non,,,422
mission interim saint lazare,1,Non,,,423
okko hotels,1,Non,,,424
mitchell international,1,Non,,,425
zara france - inditex,1,Non,,,426
yespark,1,Non,,,427
lhh recruitment solutions- angers,1,Non,,,428
lhh recruitment solutions- saint-jacques-de-la-lande,1,Non,,,429
wooskill,1,Non,,,430
mezi line,1,Non,,,431
lhh recruitment solutions- hoenheim,1,Non,,,432
lhh recruitment solutions- lingolsheim,1,Non,,,433
mmi deco,1,Non,,,434
novotel,1,Non,,,435
les nouveaux bureaux,1,Non,,,436
les éoliennes en mer services,1,Non,,,437
lhh recruitment solutions- plomeur,1,Non,,,438
my office company,1,Non,,,439
nomade aventure,1,Non,,,440
mbda france,1,Non,,,441
mbda,1,Non,,,442
maison alaïa,1,Non,,,443
musée du louvre,1,Non,,,444
maison delano paris,1,Non,,,445
mvip consulting,1,Non,,,446
maison goutal,1,Non,,,447
naturalia,1,Non,,,448
natixis,1,Non,,,449
nanterre (92),1,Non,,,450
maven - mix with the masters,1,Non,,,451
maslow group,1,Non,,,452
martin chauvel recrutement,1,Non,,,453
maje siège france,1,Non,,,454
marquetis for la banque postale consumer finance,1,Non,,,455
métiga,1,Non,,,456
managing,1,Non,,,457
we audition,1,Non,,,458
my pop up store,1,Non,,,459
my money bank,1,Non,,,460
marquetis call,1,Non,,,461
mangeons frais,1,Non,,,462
mango,1,Non,,,463
manutan,1,Non,,,464
musée de l'illusion,1,Non,,,465
musiam paris,1,Non,,,466
nmp service,1,Non,,,467
mahe recrutement,1,Non,,,468
nightshift group,1,Non,,,469
lhh recruitment solutions- toulouse,1,Non,,,470
lhh recruitment solutions- tremblay-en-france,1,Non,,,471
logis hotels,1,Non,,,472
nh conseils,1,Non,,,473
map clim,1,Non,,,474
monoprix,1,Non,,,475
mercato de l'emploi,1,Non,,,476
menway emploi paris tertiaire,1,Non,,,477
meilleurtaux,1,Non,,,478
lorene agency,1,Non,,,479
wiz'us,1,Non,,,480
mulon associes,1,Non,,,481
nespresso france,1,Non,,,482
mediatransports,1,Non,,,483
media.figaro,1,Non,,,484
mcdonald's france,1,Non,,,485
museum national d’histoire naturelle,1,Non,,,486
mccormick retail services,1,Non,,,487
léonard avocats,1,Non,,,488
neosolva,1,Non,,,489
m6,1,Non,,,490
waffle factory,1,Non,,,491
nextgen rh,1,Non,,,492
primeo energie france,1,Non,,,493
onestaff,1,Non,,,494
sensome,1,Non,,,495
serco sarl,1,Non,,,496
service/ hospitality,1,Non,,,497
seyos,1,Non,,,498
sfr,1,Non,,,499
sgsco,1,Non,,,500
shiseido,1,Non,,,501
union pour l'enfance,1,Non,,,502
sia immobilier,1,Non,,,503
sintel,1,Non,,,504
siplec,1,Non,,,505
sixt france,1,Non,,,506
skill and you,1,Non,,,507
skyrock,1,Non,,,508
skystone,1,Non,,,509
smabtp,1,Non,,,510
smallable,1,Non,,,511
smicval,1,Non,,,512
"smile, open source solutions",1,Non,,,513
sncf réseau,1,Non,,,514
société française de radiologie,1,Non,,,515
umaneis rh,1,Non,,,516
septeo,1,Non,,,517
senanque,1,Non,,,518
sacd,1,Non,,,519
selarl amandine barre,1,Non,,,520
sads group,1,Non,,,521
safe handling training,1,Non,,,522
samsic emploi,1,Non,,,523
santécité,1,Non,,,524
sapian,1,Non,,,525
sarp,1,Non,,,526
sarp centre ouest,1,Non,,,527
sas parisjus - wild & the moon,1,Non,,,528
sas pâtisserie e.ladurée,1,Non,,,529
saverglass,1,Non,,,530
savs association aurore,1,Non,,,531
savs paris oeuvre falret,1,Non,,,532
savs samsah 93 apf,1,Non,,,533
sbc interim,1,Non,,,534
sbc intérim,1,Non,,,535
united way,1,Non,,,536
schaeffer avocats,1,Non,,,537
sciences po,1,Non,,,538
scp august et debouzy,1,Non,,,539
scpa,1,Non,,,540
secrétariat de rythmologie,1,Non,,,541
uk health security agency,1,Non,,,542
sodiaal,1,Non,,,543
soleria,1,Non,,,544
solinum,1,Non,,,545
talents légal,1,Non,,,546
team expert,1,Non,,,547
team.is,1,Non,,,548
teamside,1,Non,,,549
techmo hygiène,1,Non,,,550
totalenergies,1,Non,,,551
tercio,1,Non,,,552
tessi,1,Non,,,553
thales,1,Non,,,554
thalie santé,1,Non,,,555
the access bank uk limited,1,Non,,,556
too hôtel,1,Non,,,557
the best of human,1,Non,,,558
the body shop international limited,1,Non,,,559
the french bastards,1,Non,,,560
the north face,1,Non,,,561
theassistant,1,Non,,,562
thema-services,1,Non,,,563
tn avocats,1,Non,,,564
thinkproject holding gmbh,1,Non,,,565
thomas export,1,Non,,,566
talents industrie,1,Non,,,567
tranoï,1,Non,,,568
talents aec trévoux,1,Non,,,569
studia,1,Non,,,570
solutions informatiques,1,Non,,,571
somed santé,1,Non,,,572
sopratec,1,Non,,,573
sos villages d'enfants,1,Non,,,574
sosmorphee@dom,1,Non,,,575
sothys,1,Non,,,576
sovitrat montigny,1,Non,,,577
sparteo,1,Non,,,578
strategy club,1,Non,,,579
ugap,1,Non,,,580
triomphe sécurité,1,Non,,,581
suez,1,Non,,,582
swiss life,1,Non,,,583
syctom,1,Non,,,584
symphonie hotels,1,Non,,,585
trouve moi un job,1,Non,,,586
sécrétariat général des armées (sga),1,Non,,,587
sécuritas aviation,1,Non,,,588
t edition,1,Non,,,589
tagwalk,1,Non,,,590
sad's intérim,1,Non,,,591
rte - le réseau de transport d'electricité,1,Non,,,592
onet propreté et services,1,Non,,,593
pathé bc afrique,1,Non,,,594
payfit,1,Non,,,595
peppe pizzeria,1,Non,,,596
performance energetique de l'habitat,1,Non,,,597
vipsun,1,Non,,,598
persuaders rh,1,Non,,,599
pharma licensing club france,1,Non,,,600
pharmacie maman,1,Non,,,601
pharmacie monge,1,Non,,,602
vinci construction,1,Non,,,603
piano,1,Non,,,604
pierre & vacances,1,Non,,,605
viamedis,1,Non,,,606
pierre hermé paris,1,Non,,,607
place dentaire,1,Non,,,608
planity,1,Non,,,609
plasseraud,1,Non,,,610
pluriad,1,Non,,,611
poltronesofà,1,Non,,,612
pomona,1,Non,,,613
populaire epicene,1,Non,,,614
populaire fed office,1,Non,,,615
patriarche,1,Non,,,616
partners consulting,1,Non,,,617
rqth recrutement,1,Non,,,618
parisiennement vôtre,1,Non,,,619
oniam,1,Non,,,620
openmedias,1,Non,,,621
opensourcing,1,Non,,,622
opteamis,1,Non,,,623
optimum vie s.a.,1,Non,,,624
opus formation,1,Non,,,625
voluntae,1,Non,,,626
osborne clarke,1,Non,,,627
ouverture's,1,Non,,,628
voltalia,1,Non,,,629
page personnel super recruteur,1,Non,,,630
palais des thés,1,Non,,,631
volkswagen group retail france,1,Non,,,632
paradox museum paris,1,Non,,,633
voies navigables de france (vnf) - siège,1,Non,,,634
vitijob,1,Non,,,635
paris 17e,1,Non,,,636
viseo ingenierie,1,Non,,,637
paris baguette france,1,Non,,,638
paris society,1,Non,,,639
"paris, île-de-france, france",1,Non,,,640
populaire seqens sup,1,Non,,,641
prada,1,Non,,,642
predictis,1,Non,,,643
predictive rh,1,Non,,,644
recrute talents,1,Non,,,645
recrutjobext,1,Non,,,646
up skills,1,Non,,,647
redwood paris,1,Non,,,648
reisel,1,Non,,,649
renault group,1,Non,,,650
unml,1,Non,,,651
renee costes immobilier,1,Non,,,652
rentokil,1,Non,,,653
renée costes,1,Non,,,654
reup education,1,Non,,,655
ria financial,1,Non,,,656
richemont,1,Non,,,657
rightworks,1,Non,,,658
ris intérim,1,Non,,,659
ritz paris le comptoir,1,Non,,,660
rivp,1,Non,,,661
robert walters finance,1,Non,,,662
robert walters ima finance,1,Non,,,663
romy p.,1,Non,,,664
rothschild & co,1,Non,,,665
recommerce solutions,1,Non,,,666
reacteev,1,Non,,,667
rc recrutement conseil,1,Non,,,668
pullman paris tour eiffel,1,Non,,,669
pretto,1,Non,,,670
tim,1,Non,,,671
veolia france,1,Non,,,672
prisma media,1,Non,,,673
pro conduite,1,Non,,,674
promovacances,1,Non,,,675
proxiserve,1,Non,,,676
prudhomme sa,1,Non,,,677
veng hour,1,Non,,,678
valege lingerie,1,Non,,,679
razel-bec,1,Non,,,680
us embassy paris,1,Non,,,681
upskills cadres et experts,1,Non,,,682
qualis,1,Non,,,683
qualis versailles,1,Non,,,684
up skills cadres et experts,1,Non,,,685
qualité & co,1,Non,,,686
les cuistots migrateurs,1,Non,,,687
ranger,1,Non,,,688
ras interim,1,Non,,,689
les hôtels baverez,1,Non,,,690
1001 intérims,1,Non,,,691
les colettes sourcing,1,Non,,,692
chabe,1,Non,,,693
cartesio,1,Non,,,694
casden - banque populaire,1,Non,,,695
cbre gws france,1,Non,,,696
ceciaa,1,Non,,,697
celine,1,Non,,,698
centre de santé jack senet pluridisciplinaire de...,1,Non,,,699
centre ellasanté,1,Non,,,700
centurion search,1,Non,,,701
cer bobillot,1,Non,,,702
cerba,1,Non,,,703
cfao,1,Non,,,704
challenge recrutement,1,Non,,,705
cardinal promotion,1,Non,,,706
chasse de têtes,1,Non,,,707
chenut oliveira santiago,1,Non,,,708
christian dior couture,1,Non,,,709
ciel de paris,1,Non,,,710
cites caritas,1,Non,,,711
cité de la musique - philharmonie de paris,1,Non,,,712
clareo lighting,1,Non,,,713
classeos,1,Non,,,714
claudine fortin,1,Non,,,715
cleaq,1,Non,,,716
clinique de l'alma,1,Non,,,717
carrevolutis,1,Non,,,718
capstan lms,1,Non,,,719
clubfunding-group,1,Non,,,720
bureau veritas,1,Non,,,721
bijouterie ponsolle,1,Non,,,722
bloom alternance,1,Non,,,723
bnp paribas real estate,1,Non,,,724
boeing,1,Non,,,725
bon parfumeur,1,Non,,,726
boralex inc.,1,Non,,,727
bridge rh & associés,1,Non,,,728
bristol myers squibb,1,Non,,,729
bruce,1,Non,,,730
btsg2,1,Non,,,731
burberry,1,Non,,,732
business & decision,1,Non,,,733
capital transaction,1,Non,,,734
c-tec,1,Non,,,735
c-tec constellium technology center,1,Non,,,736
cabinet de recrutement de travailleurs handicapés,1,Non,,,737
cabinet jourdan,1,Non,,,738
caisse d'epargne bretagne pays de loire,1,Non,,,739
caisse des écoles paris 17ème,1,Non,,,740
campus condorcet,1,Non,,,741
canon france sa,1,Non,,,742
cap ingelec,1,Non,,,743
cap vital sante,1,Non,,,744
capgemini invent,1,Non,,,745
clinisciences,1,Non,,,746
cmpr laennec,1,Non,,,747
leonid group,1,Non,,,748
djg consulting,1,Non,,,749
de corgnol & agnes,1,Non,,,750
decibelles,1,Non,,,751
defi technology,1,Non,,,752
delacommune et dumont sccc,1,Non,,,753
deleev,1,Non,,,754
denis baran recrutement,1,Non,,,755
descours & cabaud,1,Non,,,756
designjobs,1,Non,,,757
destina work,1,Non,,,758
digisap solutions,1,Non,,,759
"diversey, inc.",1,Non,,,760
dr martens,1,Non,,,761
daniel feau,1,Non,,,762
driiveme,1,Non,,,763
ds,1,Non,,,764
ds cafe,1,Non,,,765
dsd organisation,1,Non,,,766
dsm-firmenich,1,Non,,,767
dualis partner,1,Non,,,768
dumas+limbach fine art,1,Non,,,769
dunasys ingenierie,1,Non,,,770
dushow,1,Non,,,771
dvine,1,Non,,,772
eataly paris marais,1,Non,,,773
dassault aviation,1,Non,,,774
daimler buses france,1,Non,,,775
cofabrik rh,1,Non,,,776
conservatoire national des arts et métiers (cnam),1,Non,,,777
cojean,1,Non,,,778
collège de paris,1,Non,,,779
collège de paris développement,1,Non,,,780
comet,1,Non,,,781
communauté de communes chinon vienne et loire,1,Non,,,782
como,1,Non,,,783
compleo rh,1,Non,,,784
confidentiel,1,Non,,,785
connection,1,Non,,,786
conseil départemental du 94 de l'ordre des médecins,1,Non,,,787
conseil national des barreaux,1,Non,,,788
cora,1,Non,,,789
"côme, ingénierie et conseil",1,Non,,,790
corwave,1,Non,,,791
cour des comptes,1,Non,,,792
courbevoie forme,1,Non,,,793
cram,1,Non,,,794
creperie l'atelier,1,Non,,,795
crit france,1,Non,,,796
crowe fidelio,1,Non,,,797
crystalchain,1,Non,,,798
crédit agricole,1,Non,,,799
crédit agricole immobilier,1,Non,,,800
cultival,1,Non,,,801
bibliotheque nationale de france,1,Non,,,802
bfi partners,1,Non,,,803
ben's cookies,1,Non,,,804
akkodis,1,Non,,,805
agence alizée hôtesses,1,Non,,,806
agence de presse,1,Non,,,807
agence elegance hôtesses,1,Non,,,808
agence profil paris,1,Non,,,809
agence sharing,1,Non,,,810
agenceweb.fr,1,Non,,,811
agilebuyer,1,Non,,,812
agirc-arrco,1,Non,,,813
aides,1,Non,,,814
aimsun,1,Non,,,815
akalis - collège de paris,1,Non,,,816
aktisea,1,Non,,,817
afppcd,1,Non,,,818
alain bensoussan selas,1,Non,,,819
alan allman associates,1,Non,,,820
algoe executive,1,Non,,,821
alize clim,1,Non,,,822
altarea,1,Non,,,823
alvarez paris,1,Non,,,824
amalo recrutement,1,Non,,,825
amazon europe core,1,Non,,,826
amue,1,Non,,,827
anamnese,1,Non,,,828
andex,1,Non,,,829
aftral,1,Non,,,830
afdas,1,Non,,,831
ben touch,1,Non,,,832
acp atlantique,1,Non,,,833
26 academy,1,Non,,,834
3e sens,1,Non,,,835
94410 saint-maurice,1,Non,,,836
abc liv,1,Non,,,837
abei,1,Non,,,838
abilways,1,Non,,,839
able julie tuil,1,Non,,,840
académie art dentaire isabelle dutel,1,Non,,,841
accuracy,1,Non,,,842
acm gie,1,Non,,,843
acoges,1,Non,,,844
acting-finances,1,Non,,,845
af partner,1,Non,,,846
actual paris 08,1,Non,,,847
adaptel,1,Non,,,848
add up,1,Non,,,849
additi,1,Non,,,850
adecco,1,Non,,,851
adeva,1,Non,,,852
adidas,1,Non,,,853
advenis,1,Non,,,854
advisia rh,1,Non,,,855
aerotek,1,Non,,,856
aesio,1,Non,,,857
aneotélétravail,1,Non,,,858
aneotélétravail hybride à 92100 boulogne-billancourt,1,Non,,,859
anfh,1,Non,,,860
axelys santé,1,Non,,,861
aubade,1,Non,,,862
aubay,1,Non,,,863
audiens conseil,1,Non,,,864
audition conseil,1,Non,,,865
aureïs formation,1,Non,,,866
aurlom prépa,1,Non,,,867
autisme en ile-de-france,1,Non,,,868
auzou editions - groupe auzou,1,Non,,,869
avenir rh,1,Non,,,870
axa en france,1,Non,,,871
axelyo,1,Non,,,872
axiome recrutement,1,Non,,,873
anfore,1,Non,,,874
aéroports de paris,1,Non,,,875
b&m france,1,Non,,,876
balsan,1,Non,,,877
baprod,1,Non,,,878
barrière,1,Non,,,879
batelier,1,Non,,,880
batisante,1,Non,,,881
baudin chateauneuf,1,Non,,,882
beeline group,1,Non,,,883
bei,1,Non,,,884
bel group,1,Non,,,885
atelier moderne,1,Non,,,886
at internet,1,Non,,,887
astoria finance,1,Non,,,888
association valentin hauy,1,Non,,,889
angeris,1,Non,,,890
animastreet,1,Non,,,891
anywr,1,Non,,,892
apixi,1,Non,,,893
apm international,1,Non,,,894
apothicom distribution,1,Non,,,895
approach people recruitment,1,Non,,,896
apsia,1,Non,,,897
aquarius rh,1,Non,,,898
arc - equipes d'amitié,1,Non,,,899
arche formation,1,Non,,,900
armonis,1,Non,,,901
arpavie,1,Non,,,902
arteris,1,Non,,,903
artisan crepier,1,Non,,,904
artus interim & solutions rh,1,Non,,,905
ascencia business school,1,Non,,,906
assessfirst,1,Non,,,907
association addictions france,1,Non,,,908
association aurore,1,Non,,,909
association diocésaine de paris,1,Non,,,910
association notre-dame,1,Non,,,911
association simon de cyrène rungis,1,Non,,,912
eden park,1,Non,,,913
edf,1,Non,,,914
efficientip,1,Non,,,915
investisseur privé,1,Non,,,916
ile de france bureautique,1,Non,,,917
impact recrutement,1,Non,,,918
impactup cabinet conseil.,1,Non,,,919
ineos,1,Non,,,920
inetum,1,Non,,,921
infopro digital,1,Non,,,922
institut curie,1,Non,,,923
institut national du service public,1,Non,,,924
integra,1,Non,,,925
inthy,1,Non,,,926
intuis,1,Non,,,927
invivo,1,Non,,,928
ifpen,1,Non,,,929
ionis education group,1,Non,,,930
iscod alternance,1,Non,,,931
iserba,1,Non,,,932
isis immobilier,1,Non,,,933
italo coiffure,1,Non,,,934
ivica rh,1,Non,,,935
iziwork,1,Non,,,936
iéseg school of management,1,Non,,,937
jahia,1,Non,,,938
jann-k creations,1,Non,,,939
jen's mobiles accessories,1,Non,,,940
ikuto,1,Non,,,941
ifpass jedha,1,Non,,,942
hana group,1,Non,,,943
hospitality on,1,Non,,,944
harmonie mutuelle,1,Non,,,945
hays recrutement interne,1,Non,,,946
hellopro.fr,1,Non,,,947
hermès,1,Non,,,948
hightekers,1,Non,,,949
histoire d'or,1,Non,,,950
hlm,1,Non,,,951
homnia,1,Non,,,952
horiba france sas,1,Non,,,953
horizon engineering management,1,Non,,,954
hors clichés,1,Non,,,955
hr link,1,Non,,,956
1001 vies habitat,1,Non,,,957
humainea,1,Non,,,958
hygiene habitat,1,Non,,,959
hôpital paris saint-joseph,1,Non,,,960
i.g.e sa,1,Non,,,961
ibsa pharma,1,Non,,,962
icf habitat,1,Non,,,963
idefle,1,Non,,,964
idem pour comdata group,1,Non,,,965
ieseg,1,Non,,,966
ifae accueil,1,Non,,,967
ifae rh,1,Non,,,968
jimmy fairly,1,Non,,,969
jobberry banque,1,Non,,,970
jobberry supply,1,Non,,,971
latham & watkins,1,Non,,,972
la centrale de financement,1,Non,,,973
la cipav,1,Non,,,974
la monnaie de paris,1,Non,,,975
la web school factory,1,Non,,,976
laboratoires juva santé,1,Non,,,977
laborde gestion groupe eiffage,1,Non,,,978
laforêt france,1,Non,,,979
lagardère travel retail,1,Non,,,980
lalamedia,1,Non,,,981
lancaster,1,Non,,,982
lasecurecrute.fr,1,Non,,,983
lazard,1,Non,,,984
jobergroup | recrutement médical,1,Non,,,985
lbesoft,1,Non,,,986
lcl,1,Non,,,987
lcmh groupe,1,Non,,,988
le bon candidat recrutement,1,Non,,,989
le cercle intérimaire,1,Non,,,990
le ciem,1,Non,,,991
le grand & associates,1,Non,,,992
le mouton à 5 pattes - recruteurs de talents,1,Non,,,993
le recruteur immobilier,1,Non,,,994
lefebvre dalloz,1,Non,,,995
lefèvre pelletier & associés,1,Non,,,996
la bonbonniere,1,Non,,,997
l'école francaise,1,Non,,,998
l'industrie recrute,1,Non,,,999
kuantom,1,Non,,,1000
join.com,1,Non,,,1001
jordenen,1,Non,,,1002
jungheinrich france s.a.s.,1,Non,,,1003
k-ryole,1,Non,,,1004
kalidea canal ce,1,Non,,,1005
kalitess,1,Non,,,1006
kaliti,1,Non,,,1007
kalliope,1,Non,,,1008
kara tt,1,Non,,,1009
karisma recrutement,1,Non,,,1010
karpos rh,1,Non,,,1011
kelly services,1,Non,,,1012
kelly services france,1,Non,,,1013
kelly tertiaire,1,Non,,,1014
kepax,1,Non,,,1015
kingspan water and energy,1,Non,,,1016
kipp metro atlanta schools,1,Non,,,1017
klesia,1,Non,,,1018
koala pressing,1,Non,,,1019
komet france,1,Non,,,1020
kp1,1,Non,,,1021
ks groupe,1,Non,,,1022
ks services,1,Non,,,1023
happytal,1,Non,,,1024
habille tout pro,1,Non,,,1025
effience,1,Non,,,1026
extia ingenierie,1,Non,,,1027
etude ms,1,Non,,,1028
eurex,1,Non,,,1029
euridis ecole de commerce,1,Non,,,1030
eurinter - european homes,1,Non,,,1031
ewigo developpement,1,Non,,,1032
excelty's,1,Non,,,1033
exchange college,1,Non,,,1034
exos interim,1,Non,,,1035
expectra,1,Non,,,1036
expert & manager,1,Non,,,1037
expert & manager levallois,1,Non,,,1038
facilib,1,Non,,,1039
essi,1,Non,,,1040
fadi prestige,1,Non,,,1041
fcrt patrimoine,1,Non,,,1042
fed africa,1,Non,,,1043
fed finance banque de marché,1,Non,,,1044
fed finance banque de réseau,1,Non,,,1045
felice,1,Non,,,1046
fidelia,1,Non,,,1047
figaret,1,Non,,,1048
filhet-allard,1,Non,,,1049
fimalac entertainment,1,Non,,,1050
fisker inc,1,Non,,,1051
etablissement public du musée d'orsay et de...,1,Non,,,1052
espace dali,1,Non,,,1053
h2r power,1,Non,,,1054
eowin,1,Non,,,1055
eliote (audiovisuel),1,Non,,,1056
ellasanté,1,Non,,,1057
elvina belloir,1,Non,,,1058
elyssis consulting,1,Non,,,1059
emmaus connect,1,Non,,,1060
emploi services formation,1,Non,,,1061
endress & hauser france,1,Non,,,1062
enera conseil,1,Non,,,1063
engie energie services,1,Non,,,1064
engie renouvelables,1,Non,,,1065
enzyme design,1,Non,,,1066
epf,1,Non,,,1067
espace bureautique,1,Non,,,1068
epiconcept,1,Non,,,1069
episode bv,1,Non,,,1070
epls,1,Non,,,1071
eps ville evrard,1,Non,,,1072
epsa,1,Non,,,1073
era immobilier lsi,1,Non,,,1074
era la gatine immobilier,1,Non,,,1075
era multi immobilier,1,Non,,,1076
eramet,1,Non,,,1077
eres,1,Non,,,1078
ernest & valentin,1,Non,,,1079
flatlooker,1,Non,,,1080
florian mantione institut,1,Non,,,1081
foncia,1,Non,,,1082
groupe pomona,1,Non,,,1083
groupe duval,1,Non,,,1084
groupe edh,1,Non,,,1085
groupe etam,1,Non,,,1086
groupe fournier,1,Non,,,1087
groupe fsc,1,Non,,,1088
groupe gema - esi business school / ia school (siège national),1,Non,,,1089
groupe ifpass,1,Non,,,1090
groupe igf,1,Non,,,1091
groupe leader intérim,1,Non,,,1092
groupe mgen,1,Non,,,1093
groupe pl education,1,Non,,,1094
groupe primonial,1,Non,,,1095
fondation nationale ciup,1,Non,,,1096
groupe puce et plume,1,Non,,,1097
groupe rocher,1,Non,,,1098
groupe smabtp,1,Non,,,1099
groupe sovitrat interim & recrutement,1,Non,,,1100
groupe st ho,1,Non,,,1101
groupe t2mc,1,Non,,,1102
groupe up,1,Non,,,1103
groupe verlaine,1,Non,,,1104
groupe vivescia,1,Non,,,1105
gs4,1,Non,,,1106
générale des services,1,Non,,,1107
groupe como,1,Non,,,1108
groupe bigard,1,Non,,,1109
groupe bayard edition,1,Non,,,1110
groupe alixio,1,Non,,,1111
foodcheri,1,Non,,,1112
force interim,1,Non,,,1113
"foreign, commonwealth and development office",1,Non,,,1114
forstaff,1,Non,,,1115
framatome,1,Non,,,1116
france consult,1,Non,,,1117
france métiers,1,Non,,,1118
free reseau,1,Non,,,1119
frerejean freres,1,Non,,,1120
froilabo,1,Non,,,1121
fédération soliha,1,Non,,,1122
galileo global education,1,Non,,,1123
gault&millau,1,Non,,,1124
gemploi,1,Non,,,1125
gojob,1,Non,,,1126
gourmet food france,1,Non,,,1127
gr groupe,1,Non,,,1128
granit rh,1,Non,,,1129
green energy service,1,Non,,,1130
groupama - g2s,1,Non,,,1131
groupama supports et services,1,Non,,,1132
groupapharm,1,Non,,,1133
groupe advenis,1,Non,,,1134
élivie,1,Non,,,1135
